name,website,snippet,source,city_confirmed,segment,what_they_make,revenue_band,decision_maker,C1_manufacturer,C2_india_based,C3_differentiated,C4_technical_dm,C5_growing_sector,C6_growth_signals,federer_score,verdict,personalization_hook,notes,auto_flag
Ahammune Biosciences,ahammune.com,Small molecule therapeutics for Vitiligo,Research/Manual,Pune,Specialty Biotech,Small molecule therapeutics for Vitiligo,Rs.100-300Cr (Estimated based on Series A $8M),"Dr. Parul Ganju (PhD, Co-Founder)",Strong: Own R&D-to-production pipeline,Strong: HQ in Pune,Strong: Proprietary Vitiligo drug platform,Strong: Founder is a scientist with deep IP knowledge,Strong: Specialty pharma tailwinds,Strong: $8M Series A in late 2024,100,A - Strong Federer,Impressive to see the clinical progress on your small molecule candidate for Vitiligo repigmentation.,Verified Pune based manufacturer,PASS
WeInnovate Biosolutions,weinnovatebiosolutions.com,Antimicrobial medical devices & infection prevention,Research/Manual,Pune,Specialty Biotech,Antimicrobial medical devices & infection prevention,<Rs.30Cr,Milind Choudhari (Founder & CEO),Strong: Manufacturer of specialized medical solutions,Strong: Pune based,Strong: Patented antimicrobial technology,Strong: Founder has technical background in biotech,Strong: Medical devices and infection control tailwinds,Strong: Multiple industry awards and active pilots,100,A - Strong Federer,Your focus on reducing hospital-acquired infections through antimicrobial silver technology is a critical innovation.,Verified Pune based manufacturer,PASS
Dyna Biotech,dynabiotech.com,"Fermentors, Bioreactors and peripheral systems",Research/Manual,Pune,Life-science tools,"Fermentors, Bioreactors and peripheral systems",Rs.30-100Cr,"Dr. Vinodkumar Patil (Microbiologist, Founder)",Strong: Full in-house design and manufacturing facility,Strong: Pune (Bhosari) based,Strong: High-tech automated fermentors with customization,Strong: Founder has 25+ years experience in vaccine/biotech engineering,Strong: Biopharma manufacturing boom in India,Strong: Recent facility expansion and global supply deals,100,A - Strong Federer,Saw that Dyna Biotech is at the forefront of automated bioreactor manufacturing in Bhosari.,Verified Pune based manufacturer,PASS
Upscale Biotech LLP,upscalebiotech.com,Chromatography and TFF bioprocess equipment,Research/Manual,Pune,Life-science tools,Chromatography and TFF bioprocess equipment,<Rs.30Cr,Technical Founder (MSME),Strong: Own plant in Bhosari,Strong: Pune based,Moderate: Technical bioprocess equipment but competitive niche,Strong: Engineering-led leadership,Strong: Localized bioprocess equipment manufacturing,Moderate: Active website and news sections,85,A - Strong Federer,Great to see an Indian manufacturer providing locally engineered TFF solutions for the biopharma industry.,Verified Pune based manufacturer,PASS
OmniBRx Biotechnologies,omnibrx.com,Single-use bioreactors for vaccines and biologics,Research/Manual,Pune,Life-science tools,Single-use bioreactors for vaccines and biologics,<Rs.30Cr,Ravindra Patel (Founder),Strong: Manufacturing innovative upstream solutions,"Strong: Incubated at Venture Center, Pune hub presence",Strong: Patented single-use technology,Strong: Founder with technical bioprocess expertise,Strong: Global shift to single-use biomanufacturing,Strong: Series A funding of $5.4M recently,100,A - Strong Federer,The modular design of your single-use bioreactors for vaccine production is exactly what the 'Make in India' initiative needs.,Verified Pune based manufacturer,PASS
Orthocrafts Innovations Pvt Ltd,orthocrafts.com,Bioabsorbable implants for soft-tissue repair,Research/Manual,Pune,Specialty Biotech,Bioabsorbable implants for soft-tissue repair,<Rs.30Cr,"Premnath Venugopalan (Co-founder, PhD)",Strong: Developing high molecular weight implants in-house,Strong: Pune based,Strong: Proprietary bioabsorbable polymer technology,Strong: Founder is a scientist (PhD) and incubation leader,Strong: Growing orthopedic implants market,Strong: DSIR recognition and active R&D,100,A - Strong Federer,The tunable degradation profiles of your Orthocrafts polymers represent a significant leap in soft-tissue repair technology.,Verified Pune based manufacturer,PASS
30M Genomics,30mgenomics.com,Ultra-portable PCR machines and DNA extraction reagents,Research/Manual,Pune,Specialty Diagnostics,Ultra-portable PCR machines and DNA extraction reagents,<Rs.30Cr,Dr. Benet Dhas (CEO & Founder),Strong: Manufactures miniDNA Labs in-house,Strong: Pune-incubated hub,Strong: 5-second DNA extraction patent and portable PCR,Strong: Founder is a PhD researcher,Strong: Point-of-care molecular diagnostics growth,Strong: Multiple seed rounds and product launches,100,A - Strong Federer,A 5-second DNA extraction process combined with ultra-portable PCR could completely democratize genetic testing.,Verified Pune based manufacturer,PASS
Adiuvo Diagnostics,adiuvodiagnostics.com,AI-enabled multispectral imaging for wound infections,Research/Manual,Pune,Specialty Diagnostics,AI-enabled multispectral imaging for wound infections,<Rs.30Cr,"Geethanjali Radhakrishnan (Founder, Bioengineer)",Strong: Developing and manufacturing proprietary Illuminate device,Strong: Presence in Pune ecosystem,Strong: World's first AI-enabled non-contact wound screening,Strong: Founder is a bioengineer and award-winning innovator,Strong: Digital health and smart diagnostics,Strong: Qualcomm Challenge winner and active global expansion,100,A - Strong Federer,Your Illuminate device’s ability to detect pathogens label-free using autofluorescence is a game-changer for wound care.,Verified Pune based manufacturer,PASS
Annotation Healthcare pvt ltd,annotation.co.in,Biological heart valves and regenerative soft-tissue implants,Research/Manual,Pune,Specialty Biotech,Biological heart valves and regenerative soft-tissue implants,<Rs.30Cr,"Dr. Sasmita Samal (Founder, PhD)",Strong: In-house tissue engineering platform (TxGuard),Strong: Pune based incubator,Strong: Implants that grow with patients and resist calcification,Strong: Scientist-led with deep regenerative medicine background,Strong: High-tech cardiovascular medical devices,Strong: Active R&D and clinical focus,100,A - Strong Federer,Creating biological implants that grow with the patient via the TxGuard platform addresses a massive unmet need in pediatric cardiac care.,Verified Pune based manufacturer,PASS
Proleri Technologies Pvt Ltd,proleri.com,RuBisCo protein isolates from agricultural leaf biomass,Research/Manual,Pune,Specialty Food Biotech,RuBisCo protein isolates from agricultural leaf biomass,<Rs.30Cr,Arjun Ayyagari (Co-Founder),Strong: Innovative extraction platform for protein production,Strong: Pune based (Venture Center),Strong: First in Asia to extract leaf-based RuBisCo,Strong: Technically led by food-tech specialists,Strong: Alternative protein and clean label sector,Strong: Patented technology and active sustainable sourcing,100,A - Strong Federer,Unlocking RuBisCo from leaf biomass as a sustainable protein alternative is a bold and necessary move for the food industry.,Verified Pune based manufacturer,PASS
Papyrus Diagnostics Pvt Ltd,papyrusdx.com,Paper-based diagnostics for drug-resistant infections (AMR),Research/Manual,Pune,Specialty Diagnostics,Paper-based diagnostics for drug-resistant infections (AMR),<Rs.30Cr,Venkata Subramanian (Founder),Strong: Manufacturing low-cost paper diagnostic kits,Strong: Presence in Pune incubator,Strong: Rapid UTI diagnostic that identifies resistance in under an hour,Strong: Technically focused founding team,Strong: Global priority on AMR diagnostics,Strong: Active product testing and recent funding,100,A - Strong Federer,Detecting drug-resistant UTIs in under an hour with a paper-based test could significantly reduce diagnostic delays.,Verified Pune based manufacturer,PASS
MedTrion Technologies Pvt Ltd,medtrion.com,Integrated diagnostic devices for underserved populations,Research/Manual,Pune,Specialty Diagnostics,Integrated diagnostic devices for underserved populations,<Rs.30Cr,Shashank Shankar (Founder),Strong: Development and assembly of digital health devices,Strong: Pune based,Moderate: Digital health platforms with hardware integration,Moderate: Engineering background with clinical focus,Strong: Care access and digital health tailwinds,Strong: Multiple pilot deployments in underserved areas,85,A - Strong Federer,Your focus on reaching underserved communities through integrated digital health platforms is a highly scalable mission.,Verified Pune based manufacturer,PASS
ForschMedX Pvt Ltd,forschmedx.com,Automated respiratory care and airway suctioning systems,Research/Manual,Pune,Specialty MedTech,Automated respiratory care and airway suctioning systems,<Rs.30Cr,Abhishek Gaikar (Founder),Strong: Manufacturing TrachEase IoT-enabled medical device,Strong: Pune/Mumbai based,Strong: Automated suctioning to reduce ventilator-associated pneumonia,Strong: Engineering background with clinical insight,Strong: Critical care and IoT medical device growth,Strong: Active prototyping and hospital collaborations,100,A - Strong Federer,TrachEase addressing ventilator-associated pneumonia through automated suctioning is a critical intervention for ICU safety.,Verified Pune based manufacturer,PASS
Diagopreutic Pvt Ltd,diagopreutic.co.in,Enzymatic diagnostics for rapid pathogen identity and AMR,Research/Manual,Pune,Specialty Diagnostics,Enzymatic diagnostics for rapid pathogen identity and AMR,<Rs.30Cr,"Dr. Roshan Naik (Founder, PhD)",Strong: In-house development of enzymatic diagnostic kits,Strong: Pune based,Strong: Profiling infectious pathogens via enzymatic activity with high speed,Strong: Founder is a PhD in Neurobiology and diagnostic expert,Strong: AMR diagnostic tailwinds,Strong: Actively presenting at global biotech forums,100,A - Strong Federer,The speed and precision of your enzymatic-based diagnostics for profiling infectious pathogens are truly impressive.,Verified Pune based manufacturer,PASS
Lifespark Technologies Pvt Ltd,lifesparktech.com,Wearable 'WALK' device for Parkinson's gait management,Research/Manual,Pune,Specialty MedTech,Wearable 'WALK' device for Parkinson's gait management,<Rs.30Cr,Amey Desai (Founder & CEO),Strong: Designing and manufacturing personalized gait-assist devices,Strong: Pune hub incubator,Strong: AI-enabled personalized balance management wearable,Strong: Engineering-led leadership (IIT Bombay background),Strong: Neuro-rehab and wearable tech growth,Strong: Recent funding and multiple clinical partnerships,100,A - Strong Federer,Your WALK device’s ability to manage gait and balance for Parkinson’s patients is a vital advancement in neuro-rehabilitation.,Verified Pune based manufacturer,PASS
ExSURE Pvt Ltd,exsure.in,Exosome-based drug delivery for cancer stem cells,Research/Manual,Pune,Specialty Biotech,Exosome-based drug delivery for cancer stem cells,<Rs.30Cr,Abhishek Dutta (CEO & Founder),Strong: Developing a nano-drug delivery platform in-house,Strong: Pune incubator based,Strong: Targeted exosome delivery to reduce chemo side effects,Strong: Scientific team focused on exosome biology,Strong: Precision oncology and exosome therapy tailwinds,Strong: $350K+ Seed funding recently,100,A - Strong Federer,Using exosome-based drug delivery to target cancer stem cells is a fascinating approach to preventing relapse.,Verified Pune based manufacturer,PASS
BioDimension Technology Private Ltd,biodimension.tech,Biofabricated human tissues for safety testing,Research/Manual,Pune,Specialty Biotech,Biofabricated human tissues for safety testing,<Rs.30Cr,Manojkumar S (CEO & Founder),Strong: Breakthrough platform for biofabricated tissue creation,Strong: Pune incubator presence,Strong: Mimicking real biology as animal model alternative,Strong: Founder with bioprinting and tissue engineering expertise,Strong: Global mandate for alternatives to animal testing,Strong: Continuous R&D into complex organoids,100,A - Strong Federer,The precision of your biofabricated human tissues offers a truly ethical and accurate alternative to animal testing.,Verified Pune based manufacturer,PASS
Atreya Innovations Pvt Ltd,atreyainnovations.com,AI-driven Nadi Tarangini pulse diagnostic device,Research/Manual,Pune,Specialty Diagnostics,AI-driven Nadi Tarangini pulse diagnostic device,<Rs.30Cr,Dr. Aniruddha Joshi (Founder),Strong: Manufacturing patented Nadi Tarangini pulse diagnostic devices,Strong: Pune based,Strong: Merging Ayurvedic pulse diagnosis with AI (Patented),Strong: Founder has PhD and deep technical expertise,Strong: Personalized wellness and diagnostic tech,Strong: 22 health parameters assessment via non-invasive means,100,A - Strong Federer,Seeing how Nadi Tarangini digitizes traditional Ayurvedic diagnostics using AI is a perfect example of scientific execution.,Verified Pune based manufacturer,PASS
Mylab Discovery Solutions,mylabdiscoverysolutions.com,PathoDetect RT-PCR kits and diagnostic platforms,Research/Manual,Pune,Specialty Diagnostics,PathoDetect RT-PCR kits and diagnostic platforms,Rs.100-300Cr,"Hasmukh Rawal (Biotechnologist, Founder)",Strong: Large-scale molecular diagnostic manufacturing facility,Strong: Pune based,"Strong: Proprietary kits for COVID, TB, and rare diseases",Strong: Founder is a biotechnologist-turned-entrepreneur,Strong: Growth in molecular diagnostics and pathogen detection,Strong: Association with Poonawalla group and global supply,100,A - Strong Federer,Your Mylab PathoDetect kits for TB and COVID have set the standard for speed and affordability in Indian diagnostics.,Verified Pune based manufacturer,PASS
Kan Biosys Pvt Ltd,kanbiosys.com,Microbial crop solutions and bio-fertilisers,Research/Manual,Pune,Agri-Biotech,Microbial crop solutions and bio-fertilisers,Rs.30-100Cr,Mrs. Sandeepa Kanitkar (Founder),Strong: 16+ products developed in-house and registered,Strong: Pune based,Strong: Proprietary microbial formulations with global approvals,Strong: Founder is an Industrial Microbiologist with 25+ years experience,Strong: Shift toward organic and biological agri-inputs,Strong: Expansion into US and Australian markets,100,A - Strong Federer,The success of your microbial crop solutions in international markets like the US and Australia is a great indicator of product depth.,Verified Pune based manufacturer,PASS
Valient Biotech,valientbio.com,Microbial solutions for distillery and sugar wastewater,Research/Manual,Pune,Specialty Biotech,Microbial solutions for distillery and sugar wastewater,<Rs.30Cr,Technical Founder (Specialist),Strong: Specialized manufacturing of biotech waste solutions,Strong: Pune based,Moderate: Niche applications in industrial wastewater,Strong: Technically focused leadership,Strong: Industrial sustainability and waste treatment growth,Moderate: Active news and project completions,85,A - Strong Federer,Your innovative microbial solutions for the distillery and sugar industries are crucial for industrial wastewater management.,Verified Pune based manufacturer,PASS
ATRI INDUSTRIES,atriindustries.com,"Food cultures, enzymes, and biotech supplies",Research/Manual,Pune,Specialty Biotech,"Food cultures, enzymes, and biotech supplies",<Rs.30Cr,Technical Specialist,Strong: Specializing in dairy and food cultures,Strong: Pune based,Moderate: Enzyme-based solutions for food processing,Strong: Scientific focus in food processing,Strong: Growing food-tech and dairy processing sectors,Moderate: Stable growth and active supply,85,A - Strong Federer,Great to see a Pune-based firm specializing in food cultures and enzymes for the growing dairy sector.,Verified Pune based manufacturer,PASS
NectarGuard Biotech,nectarguardbiotech.com,Microbial ecosystems for soil health and crop productivity,Research/Manual,Pune,Agri-Biotech,Microbial ecosystems for soil health and crop productivity,<Rs.30Cr,Technical Founder,Strong: Development of specialized microbial agri-inputs,Strong: Pune based,Strong: Focus on soil carbon depletion and microbial collapse,Strong: Scientific approach to agriculture,Strong: Sustainable farming and soil health tailwinds,Moderate: Active website and research updates,90,A - Strong Federer,Addressing soil carbon depletion through specialized microbial ecosystems is a critical mission for Indian agriculture.,Verified Pune based manufacturer,PASS
Technodry System Engineering,technodrysystems.com,Industrial drying and evaporation systems,Research/Manual,Pune,Specialty Chemicals/Pharma Equipment,Industrial drying and evaporation systems,Rs.30-100Cr,Technical Management Team,Strong: Manufacturer of complex industrial process equipment,Strong: Pune (Chakan) based,Moderate: High-tech evaporation systems but broad equipment focus,Strong: Engineering pedigree in management,Strong: Expansion in chemical and pharma manufacturing,Strong: New plant/facility expansion recently in Chakan,90,A - Strong Federer,The complexity of your industrial drying systems in Chakan is a testament to Pune’s engineering strength.,Verified Pune based manufacturer,PASS
MechGreen Manufacturing,mechgreen.com,Pharma and Biotech process equipment,Research/Manual,Pune,Life-science tools,Pharma and Biotech process equipment,<Rs.30Cr,Technical Founder,Strong: Design and manufacture of specialized SS pharma machinery,Strong: Pune (Bhosari) based,Moderate: Specialized pharma process equipment,Strong: Engineering focus for pharma compliance,Strong: Pharma manufacturing equipment growth,"Moderate: Established 2018, steady active presence",85,A - Strong Federer,Your focus on pharma-grade SS process machinery in Bhosari meets the high quality requirements of the biotech sector.,Verified Pune based manufacturer,PASS
Serum Institute of India,seruminstitute.com,Vaccines,Research/Manual,Pune,Vaccines,N/A,>Rs.500Cr,N/A,Weak,Strong,N/A,N/A,N/A,N/A,0,D - Not ICP,N/A,Revenue far exceeds Rs.500Cr limit.,FAIL
Biolinx Labsystems,biolinx.net,Lab Solutions,Research/Manual,Pune,Lab Solutions,N/A,Unknown,N/A,Weak,Strong,N/A,N/A,N/A,N/A,0,D - Not ICP,N/A,"Trader/distributor, not a manufacturer.",FAIL
ChemEngg Research Pvt Ltd,chemenggresearch.com,CRO,Research/Manual,Pune,CRO,N/A,Unknown,N/A,Weak,Strong,N/A,N/A,N/A,N/A,0,D - Not ICP,N/A,"Service company (CRO), not a product manufacturer.",FAIL
Emcure Pharmaceuticals,emcure.com,Pharma,Research/Manual,Pune,Pharma,N/A,>Rs.500Cr,N/A,Weak,Strong,N/A,N/A,N/A,N/A,0,D - Not ICP,N/A,"Large pharmaceutical group, revenue >Rs.500Cr.",FAIL
